Day,Planned Date,Actual Date,SDD Phase,Activities Performed,Artefacts Produced,Deliverable,Status
1,Thu 17 Sep 2026,Thu 17 Sep 2026,Discovery & Setup,"Initialized INT Control Plane, .agent/, .agents/skills/, AGENTS.md, and execution folders. Read INT_SDD_Standard.md. Analysed business requirements, raised and evaluated 61 open questions, 22 assumptions, 14 dependencies, and 13 out-of-scope boundaries.",.ai-context/discovery/employee-internal-transfer.discovery.md; .ai-context/project_context.md; AGENTS.md; .gitignore,D1,Done
2,Fri 18 Sep 2026,Fri 18 Sep 2026,BRD Customization + Constitution,"Authored customized BRD v1.1 (BRD-001 to BRD-006: 3-stage approval, 6-month tenure eligibility, rating >= Meets Expectations, zero PIP, 5-day review SLA, IJP vacancy mapping). Ratified constitution.md v1.0 (Node/Express, React, PostgreSQL, Prisma, JWT, Modular Monolith). Logged all decisions in decision-log.md.",.ai-context/BRD.md; .ai-context/brd-change-log.md; .ai-context/constitution.md; .ai-context/decisions/employee-internal-transfer.decision-log.md,D2,Done
3,Sat 19 Sep 2026,Sat 19 Sep 2026,Specification + AC + API Contracts,"Formulated feature specification with 55 acceptance criteria in Given/When/Then, 9 API contracts with exception payloads and rate limits, 3-tier sequential workflow state machine, and data models.",.ai-context/specs/employee-internal-transfer.spec.md v1.3,D2,Done
4,Mon 21 Sep 2026,Mon 21 Sep 2026,Test Cases & Integration Scenarios,"Authored 96 acceptance test cases mapped directly to AC IDs, full state-transition matrix, and 10 end-to-end integration scenarios (INT01-INT10) covering happy path, rejection, withdrawal, and downstream partial failure resilience.",.ai-context/test_cases/employee-internal-transfer.test_cases.md; .ai-context/test_cases/_integration.md,D3,Done
5,Tue 22 Sep 2026,Tue 22 Sep 2026,Gate 0 (BRD) & Gate 1 (Spec Review),"Submitted BRD v1.1 and Feature Spec for formal Gate 0 and Gate 1 PR Reviews by assigned reviewer Supratim Jetty (supratim.jetty@intglobal.com). Verified 11-point review checklist, conditional approvals, and development readiness.",.ai-context/pr_reviews/gate-1-review.md; .ai-context/status.md,D9,In Progress
6,Wed 23 Sep 2026,,Implementation Planning & Architecture Check,"Draft technical implementation plan detailing component boundaries (app, modules, shared), Prisma data migrations, dependency injection, and constitution adherence checks.",.ai-context/plans/employee-internal-transfer.plan.md,D4,Planned
7,Thu 24 Sep 2026,,Task Breakdown & Test-First (TDD RED),"Decompose plan into atomic, independently verifiable tasks (T01-T15). Author executable automated tests in tests/backend/ and tests/frontend/ and confirm all tests fail RED before implementation.",.ai-context/tasks/employee-internal-transfer.tasks.md; tests/backend/*; tests/frontend/* (RED),D5,Planned
8,Fri 25 Sep 2026,,Backend Implementation (GREEN),"Implement Express REST routes, validation middleware, transfer service, Prisma repositories, and integration adapters (HRMS, Payroll, IT IAM, Facilities). Verify backend unit & integration tests pass GREEN.",src/backend/app/*; src/backend/modules/transfer/*; src/backend/shared/*,D6,Planned
9,Sat 26 Sep 2026,,Frontend Implementation (GREEN),"Implement React + Vite + Tailwind UI components: employee IJP application form, 3-stage approval dashboard for managers/HR, status tracking view, and real-time state projection. Verify frontend tests pass GREEN.",src/frontend/app/*; src/frontend/modules/transfer/*; src/frontend/shared/*,D7,Planned
10,Mon 28 Sep 2026,,Gate 2 (Code Review) & Integration Verification,"Execute full automated regression test suite, verify security checklist (PII-free logging, server-side auth, object-level checks). Submit for Gate 2 review by Technical Lead Supratim Jetty.",.ai-context/pr_reviews/gate-2-review.md; Test Suite Results (GREEN),"D8, D10",Planned
11,Tue 29 Sep 2026,,Release Packaging & Deployment Sign-off,"Author formal release documentation, verify Definition of Done, update status board to Released (v1.0.0), and prepare deployment manifest.",.ai-context/releases/RELEASE-v1.0.0.md; .ai-context/status.md,D11,Planned
